Transaction_ID,Date,Customer_ID,Product,Amount,Region
7ec0c1a6-af35-4b90-8d73-faa0fc9a45e7,2022-11-06,ca46e73a-bf1d-46e1-b99a-bed656d48cd9,inside,452.93,North
d8e197a9-550a-4cb0-af03-19759e6bbd51,2022-09-27,e3552cd0-9d8f-4c06-a743-7ff27ca7cc1f,lay,457.95,West
3d8615e0-5ecc-4b56-854f-9c23245be87c,2024-02-12,a02c316b-d48a-4699-bb6a-ba93b4d4681d,change,210.33,West
4b6153d8-6861-4336-a162-364b1b17c28e,2024-11-03,1bcf2801-6f9d-48b7-86cc-df51ff41f66e,water,312.98,North
b4bab38e-7c40-4d9b-a700-34e447eaa440,2021-07-25,02d228b6-91ea-49f6-bb29-89263acc547f,method,482.75,North
7215cb61-846d-4dbe-915f-eed083fc2f19,2025-01-02,56d3c3e3-a7cb-4052-9308-e3e2514cfb65,identify,461.91,South
5c284310-bff8-4c71-a1a4-1faede431fcb,2022-06-08,f5ce7895-4c41-425b-9c56-5b3e6932d65d,same,491.93,West
2eca4764-82b2-4f78-8071-48a1a0f06c6c,2020-06-11,959925ac-d2bb-45cd-bd94-9fe1d163aced,yeah,232.77,East
b044b955-d232-4a96-9bb1-ea6e454a899e,2021-11-24,aa6aee04-a977-4baf-862a-fdd337d8bf9f,car,366.7,North
46379236-ab7a-4087-a07c-86649c6e1f7d,2021-06-29,310647d2-f550-454b-8283-8934f9616096,better,322.59,North
29046b28-8b8b-4982-9b07-bc19df330ea8,2024-11-18,48534cb6-3a29-40bd-bc0f-ba8bbd3d758f,standard,403.44,West
7bd234ed-87cb-4b51-bf9e-3055e2d11472,2022-01-21,80257ec3-b617-4bd7-b857-d6e10ee18dee,fast,446.99,East
b97ff05f-037b-4262-b7f9-9e4e1bd1a566,2024-06-25,838784e9-2d92-40d0-81ec-b75f2579bf10,drop,242.14,East
d4daef70-8e81-4400-af03-ac31c4029772,2021-12-31,2959aadc-f694-4855-9b41-f4b512456245,record,384.79,East
156f01bf-81de-4cc4-9f4a-7fad23d853f3,2023-10-05,1deac66c-1062-4710-b72b-a8b5bd2fffd7,performance,41.84,West
e46141ad-d191-47fb-bc21-b249072c8daf,2023-12-06,3651d409-4e72-45d5-beb6-5c69fd592a33,since,94.1,West
ca0c3f80-61e2-413c-b42d-fb8dc4c91370,2022-08-12,613c57d4-2dd6-4cf2-94ae-5eeab7344894,issue,481.07,South
58c93ea3-ecd0-4bab-8910-c410aac200f8,2024-06-07,902ec607-6fca-459a-aa8e-ecd4bfd2f732,guess,412.65,South
b948992b-6b7f-422b-b60e-aec6a5bfd73c,2023-12-04,816a9a6c-35b6-4d30-ab42-26d7458ea298,positive,199.97,West
ca481cae-d79f-46cb-a98d-c9a48c05684b,2021-05-01,109a6915-6c71-4be7-8444-f66611da107a,term,71.3,South
284c53d4-8d20-4cbb-bd3c-57ab5fd9685d,2020-01-04,523d58ec-9650-46f1-be4b-0ed355d31030,so,376.53,South
300a5f14-ef8d-4eee-927e-0f2bf10a7df3,2022-12-27,25c86ce3-52da-433c-afb4-4daea3cfb951,local,123.77,North
0d2d8805-417c-4481-a23e-2d5cae18631e,2025-01-01,54e8cfe2-c4b3-45aa-bc09-d2edabb9f8f5,north,62.03,North
25a7694b-e528-4402-89f0-6297aac98930,2023-08-17,0f7dff75-91c9-40f1-9f83-eb31176a48f8,administration,359.86,West
5a4a8d84-7b50-41f1-91de-66f2f9f55c2f,2020-10-06,f38452bd-63bc-461c-86ea-2e10ca958e34,build,167.17,East
6ce15cc9-e771-4ce4-933a-30e315099803,2023-12-16,108eb47d-55a1-4172-91b1-6910fa832706,building,107.55,North
44888f11-6f50-484f-bf7b-ee316c76241b,2024-04-13,a3781cfb-bf5b-4c88-9d66-cea64a81fdd5,read,374.17,South
8c067e17-79ed-4031-b6e9-9593e0f537dc,2021-01-28,3e04b288-cab0-4e8b-bb69-c067e05221cb,long,357.14,East
e33197cb-c687-4ae6-a1bb-3010a09285cf,2024-10-31,911c606e-24e6-4be6-a333-6538706671ce,six,34.15,North
2cbd63e1-4eb9-46ee-bfcf-cff3fd52b06f,2022-03-15,cf729665-a0f4-4d94-8155-be6e6db0c2bc,adult,25.37,West
bd3a7ddc-e917-41a5-95ed-91447b8dda93,2022-10-07,9b5257aa-ecd2-415c-9353-2d4f8f1b075a,stuff,69.81,East
21d9738a-2e09-4228-b26e-dc78f526265f,2024-11-19,26569a69-fd35-45a7-999f-5f3a0751f551,last,279.52,West
2d7248c8-55b2-41c9-bb8d-05e5858e2a37,2023-08-15,613d8e42-3785-4381-97df-7ce9ac7b0a1c,different,159.71,East
d3f54fab-b579-4a76-a7b2-bb96300c9364,2023-11-29,e2784dcf-931b-4d0a-aaa6-614655a58c1c,agency,146.94,East
90282650-1750-4325-9422-9a6e5246a313,2021-05-04,b5dcb2f3-a539-4a98-804c-d01b0f96e423,bank,388.49,North
6c80655a-c039-49ef-9e43-ad4cecb4dd6e,2024-10-03,e6c94ccb-4e06-4b7a-a0dc-7a730a589c9e,worry,493.96,East
3550711d-a5cd-4c24-a1e2-f2eb97836026,2024-02-07,f54ff1c8-7d59-4ab3-9093-1c53ee7ed472,expect,226.49,West
c5cc13b5-da8c-4f9c-93d6-0f97f9e055f0,2021-10-26,ea482407-0b63-4504-8b06-41a9d988cd55,than,396.25,East
5518308a-de5f-4dd2-9e04-f608abad4dce,2023-08-08,911d1218-aec1-49d2-b997-61d20bf26025,plan,365.56,West
bdba4176-1de4-4ee6-a700-2e57cb6c1df9,2025-02-05,80de68a2-9da6-4179-8815-0c4404c0b322,yet,75.16,North
7257cc1b-6291-44b4-b499-18a249e17898,2020-07-06,ff354794-c8af-4bce-b34f-8d3f4bdd6870,door,471.31,East
b8df8a4b-d767-4e6e-8ae9-c89b06e9c026,2021-06-04,f5121b5a-d002-4c6e-ae83-dd2fe2971a6a,protect,79.34,South
0e69ada2-83ff-4f30-93ba-a7a4cf1aba56,2024-09-12,78e61dd8-57c0-4e65-95d1-22804aaf278f,nation,159.94,North
43f8cb25-fc9c-49e1-b062-5a1c23c01b01,2024-08-21,1901797f-f4d4-4c27-bdbc-94f8b7852bda,future,350.35,North
99b65c46-7e63-4959-be49-4ab0d1f0893c,2020-11-08,c2a9b181-134a-4b2d-aefb-3c88037ff46a,ask,201.46,South
f8e7c1f2-7160-4406-aca7-87db39e2f737,2024-06-12,4c7d74d0-fe23-4ed5-847b-64444646218a,along,159.75,South
30f703e3-bbeb-44a0-8916-61e1dfd314a1,2023-04-26,41651e71-7f3b-484c-bd7a-b8f865626246,police,397.92,North
fa82a05d-4022-4d3d-b739-5c0a028015c4,2021-04-30,79c49d42-f80e-4241-bc6c-d0fab2e08d21,option,310.05,East
8505bac3-1345-4a22-b34a-8e0429614877,2021-08-03,c6a46d63-d2dc-46a0-a1cb-6c228c4495d4,movement,459.86,East
213c9b4d-dcc7-478d-ba6f-0fc47ff138a3,2021-06-09,021c3f4c-5120-4335-a657-6ea24d620a7a,it,193.47,West
837040e1-9131-48d7-878b-e92579a54c01,2020-03-05,d2231858-7e64-4516-9e7a-3e81d5197d5a,yourself,41.87,East
8abe0039-e85d-4025-a8f4-4ba93db23326,2021-06-12,c9787528-4030-4fdc-88e0-f01fc0b906b9,explain,458.54,North
6d9303de-20fc-4d2f-87e3-1b8edba0e13c,2024-03-11,712bad97-f118-4b4c-b7b8-9b427c56ae0f,short,295.2,West
b5d23e08-51e7-40a1-814d-da0f6ce43894,2024-05-09,200b202c-fe96-421b-812c-8d96aff30c7e,without,453.61,North
7ff2f4c2-4b1b-4323-9a41-4f194dc733d8,2022-05-16,7f0ff26b-987e-44f6-9aca-dd0dd54d2587,system,460.05,South
1de5ab63-d2b8-455a-92e4-6abc9127bd82,2024-07-15,cec0e2d0-2317-47e3-ab2d-2ece1c4582df,finish,482.89,East
da19d4cf-9cd1-415a-bd8c-0557d23e1cc7,2021-08-31,83cdac4a-4bd7-481d-8c3a-72f808275e02,soldier,228.4,East
24d54785-8c54-4032-b29c-a687235c0ec5,2023-04-28,330e70d0-2c99-4f22-bd90-ecbbbd1f57d9,say,308.73,East
bdd02b1a-3c23-459c-b24d-ea48805a9d3e,2024-07-16,fdc75d7f-ee6e-4e33-843a-a7f03a37ac45,account,95.64,West
e66a157b-99e4-427f-b9b3-bd1dca89ee6e,2020-11-09,2210464d-35ba-4fd4-95a0-4a785223c373,compare,234.65,East
03533893-7aeb-4567-9d8e-1d12cc7d35ab,2020-03-02,0e14f408-4833-4f47-beed-a800d53d637a,partner,392.16,West
05c05575-1f27-4f8a-9732-f0adaa06ff7a,2023-06-14,60b2fe1b-2e0c-46df-9200-8463b78c5c60,school,66.36,East
f2be2a1c-9acb-4d49-a51a-d4e6e14214d0,2022-09-26,2587d82e-28a2-43bb-914a-5d1877c24be4,present,94.46,North
b44d188b-f5d5-440f-a5e0-a3e7bc836a72,2024-11-23,f75e44e0-8b96-4e9a-a316-8c447adaa971,set,475.8,South
29205845-5e3c-4388-ac08-30b0482137b5,2023-04-30,d3ef264f-c05c-4b1c-a485-f0f9c6d64a92,service,225.89,West
7c6d041f-8c80-4a1d-a361-f0903492c190,2021-05-04,629ac79f-c62d-4b79-a2e6-c16564ee78bd,read,391.79,North
a05955bb-5b6d-4edd-8f4e-cab891797352,2023-03-27,2e3b6951-b43a-4f2f-aa42-6e0b945fd1de,this,414.66,South
204aa035-118e-48b0-933b-d303431963e8,2024-07-29,db7d6a04-b1bd-4a7e-a7c7-3ccdb1c9f096,receive,494.48,South
37953605-ec18-41b1-99ba-e543af50d37c,2023-02-14,21c2aa13-71ab-455e-b649-de932c55328c,age,307.05,East
e6990cd5-05ae-450d-a14b-3c264175f184,2022-11-25,6e962360-2ccc-4f68-8e69-0077bb994b02,business,455.89,East
ee7c743e-fbc7-4b09-9372-3310131457d9,2022-07-30,46190fe4-22f7-407d-af79-24caa5c6ed80,important,475.09,North
bef181b5-aaf7-4465-85e8-faa8e534d34d,2022-05-16,0fce18a6-a4f6-46e1-9c98-e49f5a6c5c82,be,203.7,West
7e42c507-bf9f-432c-a2fc-0899a4e122d6,2023-09-23,9bd13b07-e183-4953-842b-163b9fbdea71,less,388.28,West
7080b23d-e561-41cf-8d0a-11502b31d1f1,2020-01-23,fb3bed4a-2255-43ef-ac70-9b226f794622,soldier,33.44,East
8a594a82-632d-4d49-ad8f-3cfca4ee6ec2,2020-01-26,ed3d8f2d-e9b5-495c-bccd-af8b290a3f3c,day,394.18,North
9bf241d4-5fb9-4e54-a583-12b8fa783d38,2022-02-18,a5c8c3b2-daf6-44b6-8309-8810cfd7d9db,defense,288.03,South
156a245a-6d9d-43ed-ba1d-45dae065e76c,2020-07-04,6cd5c37e-4c62-40a1-8f03-22629d793fb7,maintain,122.32,South
7209aa87-7d47-4bb9-bcde-3c062014a969,2022-09-16,69f2475c-b462-48a5-89da-0d37658d7378,do,114.7,North
5e6435f6-dc7e-4759-92a1-6afba3ffd1e3,2021-03-04,85ae04e6-1035-4c1f-8e00-ed36788e47af,animal,433.24,West
15623d07-897c-4128-b94d-c85f901559b3,2022-09-21,e423dcb0-f47e-4827-82b7-168d26d4244d,avoid,340.25,West
1be38277-11ab-45dc-9c20-7ad3a2e25e11,2024-06-25,65654038-0291-49dc-922a-6d966ab67761,kitchen,30.47,North
bd754e18-c4e4-41ba-8dd5-16943ec854f2,2020-07-03,170c2f55-3e92-424b-9503-09c06ed365fb,positive,452.51,East
e3ba1de2-0340-4d3e-9080-91a54aa771fc,2020-07-30,498d9286-87f1-475e-95a9-53966c260afb,open,205.63,East
8577ce55-d52b-47e8-ba8b-ddfd35cc5f8e,2021-07-30,5d8f2cb1-8102-4a40-b47e-92610d595ae0,finally,222.68,South
021c9ab3-e32f-4c8d-8e8a-9607477f99e8,2023-10-03,da9833fa-48be-4cca-9610-ad79fdf5f8fe,majority,82.68,East
e2132f76-d248-4fae-94f5-536522bc148c,2023-03-23,5fcfbc6d-34d3-4896-a4af-467d8484ec0b,imagine,258.9,West
3bd5590f-ea19-470a-9494-25f279720a95,2021-08-25,c720a45e-2d33-41fd-8cde-38915709210c,sister,459.84,South
4bb82787-e0dd-46bd-8a8d-e444c5b0dc98,2024-07-24,5ba74cb1-1cc8-4611-8ead-e02f0a1e534f,yeah,330.65,North
2c376448-0af8-472e-9bfe-84ca4e678ac9,2021-11-08,e2d19c7f-0dea-4c43-9d34-2d49f91d30a9,world,138.71,South
085536b8-78d7-4a5c-97ba-1b1263338ff0,2025-02-06,1a0fb0fd-510e-483a-be7e-ec2765f459d5,why,357.54,East
3098d29d-7e30-4f00-bf6a-6ea87c854160,2023-02-13,72f5d38c-7329-4571-810d-5a6690e6f658,little,421.46,North
1b3115aa-83ea-4e7c-96d0-1943b072509f,2021-06-17,eaa95804-142f-4ef4-a331-b45522211bdb,support,425.31,West
34f2345d-625d-4c35-8a6d-e6bbc6515d26,2020-09-04,5cd9ee15-665e-44fc-b8f7-01a2d28290b9,certainly,140.8,North
f0a135d7-0f5d-433c-8a84-bf2eae9f8f8f,2024-11-19,62332259-78fa-476d-a00c-da1fe2ed4d6c,professor,14.53,South
d55e766c-2cc5-4d36-a992-b5893504d3ba,2021-04-07,11a63536-a134-44e6-9b2a-0294634f5a18,certainly,55.53,North
e14bf7fc-e29c-48e5-983a-689dba9d28a8,2023-02-03,2fc10e66-8fdf-4130-b2fe-07fb45db9fb6,buy,119.98,North
b1dd018b-60f2-4929-9405-36c6b75029c9,2023-06-29,f46bd2ce-ec90-4812-ac62-ce9ac7c22323,will,213.32,South
904e724b-f441-428a-8575-a3d980110d7c,2020-07-30,97f52502-e61e-4140-b456-5e95a443ae2d,reach,118.65,North
64a34a36-3e69-4cef-be8a-435eb62c8b2b,2024-11-30,6921f811-2635-4855-812d-7d8ee70d2021,society,368.26,North
3d90c1e7-d09a-47b5-8745-c24224194721,2020-01-10,0bd6b373-6175-4930-9bdf-57d15206388f,treat,357.72,East
